[{"id":3571824,"name":"Nassau","nameKo":"나사우","ascii":"Nassau","lat":25.05823,"lon":-77.34306,"population":227940},{"id":3571971,"name":"Lucaya","ascii":"Lucaya","lat":26.53333,"lon":-78.66667,"population":46525},{"id":3572375,"name":"Freeport","ascii":"Freeport","lat":26.53333,"lon":-78.7,"population":26910},{"id":3572106,"name":"Killarney","ascii":"Killarney","lat":25.05,"lon":-77.41667,"population":17679},{"id":3571224,"name":"West End","ascii":"West End","lat":26.68711,"lon":-78.97702,"population":12724},{"id":3572601,"name":"Cooper’s Town","ascii":"Cooper's Town","lat":26.87137,"lon":-77.51131,"population":8413},{"id":3571523,"name":"San Andros","ascii":"San Andros","lat":25.06667,"lon":-78.05,"population":7800},{"id":3572349,"name":"George Town","ascii":"George Town","lat":23.51616,"lon":-75.78665,"population":7314},{"id":3571913,"name":"Marsh Harbour","ascii":"Marsh Harbour","lat":26.54124,"lon":-77.0636,"population":5314},{"id":3572189,"name":"High Rock","ascii":"High Rock","lat":26.62651,"lon":-78.28209,"population":3744},{"id":10793775,"name":"Freetown","ascii":"Freetown","lat":24.77894,"lon":-76.27705,"population":3137},{"id":3572906,"name":"Andros Town","ascii":"Andros Town","lat":24.70502,"lon":-77.76912,"population":2455},{"id":3572640,"name":"Clarence Town","ascii":"Clarence Town","lat":23.1,"lon":-74.98333,"population":1752},{"id":3572462,"name":"Dunmore Town","ascii":"Dunmore Town","lat":25.50216,"lon":-76.63633,"population":1523},{"id":3571375,"name":"Spanish Wells","ascii":"Spanish Wells","lat":25.54717,"lon":-76.76405,"population":1500},{"id":7535668,"name":"Treasure Cay","ascii":"Treasure Cay","lat":26.67691,"lon":-77.28581,"population":1187},{"id":3572897,"name":"Arthur’s Town","ascii":"Arthur's Town","lat":24.6224,"lon":-75.67151,"population":1175},{"id":3572924,"name":"Alice Town","ascii":"Alice Town","lat":25.728,"lon":-79.29721,"population":949},{"id":3572627,"name":"Cockburn Town","ascii":"Cockburn Town","lat":24.05179,"lon":-74.53138,"population":831},{"id":3571898,"name":"Matthew Town","ascii":"Matthew Town","lat":20.94982,"lon":-73.67346,"population":452},{"id":3572620,"name":"Colonel Hill","ascii":"Colonel Hill","lat":22.7545,"lon":-74.20415,"population":240},{"id":3572940,"name":"Abraham’s Bay","ascii":"Abraham's Bay","lat":22.36667,"lon":-72.96667,"population":235},{"id":3571650,"name":"Port Nelson","ascii":"Port Nelson","lat":23.64967,"lon":-74.84157,"population":91},{"id":3572467,"name":"Duncan Town","ascii":"Duncan Town","lat":22.19083,"lon":-75.72583,"population":70},{"id":3572796,"name":"Black Point","ascii":"Black Point","lat":24.1,"lon":-76.38333,"population":0},{"id":3572313,"name":"Governor’s Harbour","ascii":"Governor's Harbour","lat":25.16667,"lon":-76.23333,"population":0},{"id":3572233,"name":"Hard Bargain","ascii":"Hard Bargain","lat":26.31667,"lon":-77.56667,"population":0},{"id":3571908,"name":"Masons Bay","ascii":"Masons Bay","lat":22.54352,"lon":-73.8778,"population":0}]